,Name,pred_nba_3p%,fg3_pct,Class,3P%,FT%,3PAR,Far2%,career_3p%,career_ft%,career_3par,career_far2%
1,Ryan Gomes,0.27353868192105923,0.314,3.0,0.0,0.6666666666666666,0.00980392156862745,0.21951219512195122,0.0,0.5662650602409639,0.00819672131147541,0.2602739726027397
16,Ky Bowman,0.3330808705638774,0.308,3.0,0.3744075829383886,0.7612903225806451,0.4350515463917526,0.291970802919708,0.387719298245614,0.7619047619047619,0.4292168674698795,0.32926829268292684
18,Ja Morant,0.34251955309600396,0.335,2.0,0.3684210526315789,0.8146718146718147,0.2992125984251969,0.3695652173913043,0.3684210526315789,0.8146718146718147,0.2992125984251969,0.3695652173913043
19,De'Andre Hunter,0.3454532549210036,0.355,2.0,0.4380952380952381,0.7834394904458599,0.26649746192893403,0.42948717948717946,0.41875,0.7725490196078432,0.26359143327841844,0.4411764705882353
23,Nickeil Alexander-Walker,0.3416106692238921,0.346,2.0,0.3741935483870968,0.7777777777777778,0.3865336658354115,0.4270833333333333,0.38283828382838286,0.7632850241545893,0.44756277695716395,0.38016528925619836
24,Jordan Poole,0.3461093055324248,0.279,2.0,0.3694581280788177,0.8333333333333334,0.5501355013550135,0.2987012987012987,0.36688311688311687,0.8285714285714286,0.5714285714285714,0.2857142857142857
27,Jason Richardson,0.32831753360863486,0.372,3.0,0.6666666666666666,0.6428571428571429,0.13333333333333333,0.0,0.3333333333333333,0.6455696202531646,0.16822429906542055,0.2857142857142857
38,Eric Paschall,0.33366354277505617,0.287,4.0,0.3482587064676617,0.7458563535911602,0.4610091743119266,0.36283185840707965,0.3287128712871287,0.7671232876712328,0.4082457558609539,0.3894736842105263
51,Terence Davis,0.3385527326473571,0.388,4.0,0.37142857142857144,0.7722772277227723,0.43424317617866004,0.3684210526315789,0.33911368015414256,0.7177177177177178,0.4205834683954619,0.31333333333333335
57,Chris Clemons,0.3626666788889765,0.346,4.0,0.34594594594594597,0.8629629629629629,0.5817610062893082,0.42528735632183906,0.3521248915871639,0.8501228501228502,0.5308471454880295,0.4025
58,Matisse Thybulle,0.34736082537751756,0.357,4.0,0.304635761589404,0.8507462686567164,0.5592592592592592,0.15,0.35767790262172283,0.7824074074074074,0.5199610516066212,0.3378995433789954
61,Luguentz Dort,0.3312162571240313,0.297,1.0,0.3068181818181818,0.7004830917874396,0.40930232558139534,0.28888888888888886,0.3068181818181818,0.7004830917874396,0.40930232558139534,0.28888888888888886
62,Kevin Porter Jr.,0.3383205389857213,0.335,1.0,0.4117647058823529,0.5217391304347826,0.43312101910828027,0.3170731707317073,0.4117647058823529,0.5217391304347826,0.43312101910828027,0.3170731707317073
65,Tyler Herro,0.35921075876678255,0.389,1.0,0.35502958579881655,0.9354838709677419,0.41935483870967744,0.4666666666666667,0.35502958579881655,0.9354838709677419,0.41935483870967744,0.4666666666666667
68,Cameron Johnson 1,0.3764682880880325,0.39,4.0,0.45714285714285713,0.8181818181818182,0.5023923444976076,0.42105263157894735,0.40445859872611467,0.8154981549815498,0.5622202327663384,0.3795918367346939
69,PJ Washington,0.32408189346500854,0.374,2.0,0.4230769230769231,0.6629213483146067,0.21428571428571427,0.44966442953020136,0.3838383838383838,0.6321243523316062,0.15890850722311398,0.4110169491525424
71,Jarrett Culver,0.3309642730561616,0.299,2.0,0.30434782608695654,0.7067307692307693,0.29219600725952816,0.3431952662721893,0.34098360655737703,0.6867088607594937,0.35097813578826237,0.32710280373831774
76,Darius Garland,0.3513706072650665,0.355,1.0,0.4782608695652174,0.75,0.42592592592592593,0.5333333333333333,0.4782608695652174,0.75,0.42592592592592593,0.5333333333333333
80,Cam Reddish,0.3467429150270205,0.332,1.0,0.3333333333333333,0.7719298245614035,0.6180555555555556,0.2823529411764706,0.3333333333333333,0.7719298245614035,0.6180555555555556,0.2823529411764706
86,Coby White,0.34321271921422986,0.354,1.0,0.351931330472103,0.8,0.5247747747747747,0.35714285714285715,0.351931330472103,0.8,0.5247747747747747,0.35714285714285715
89,Lonnie Walker IV,0.34464349684734713,0.404,1.0,0.345679012345679,0.7384615384615385,0.5094339622641509,0.30357142857142855,0.345679012345679,0.7384615384615385,0.5094339622641509,0.30357142857142855
91,Kendrick Nunn,0.3604115705654667,0.35,4.0,0.3941176470588235,0.8380281690140845,0.5647840531561462,0.40764331210191085,0.3858267716535433,0.8213058419243986,0.5173116089613035,0.3830734966592428
93,Josh Okogie,0.33988970169880617,0.274,2.0,0.38,0.8209876543209876,0.3125,0.2903225806451613,0.3764705882352941,0.7769423558897243,0.22972972972972974,0.3568281938325991
96,Omari Spellman,0.3544669153566882,0.366,1.0,0.43333333333333335,0.7,0.44642857142857145,0.4444444444444444,0.43333333333333335,0.7,0.44642857142857145,0.4444444444444444
98,Shai Gilgeous-Alexander,0.3530082074075675,0.354,1.0,0.40350877192982454,0.8218390804597702,0.15119363395225463,0.37681159420289856,0.40350877192982454,0.8218390804597702,0.15119363395225463,0.37681159420289856
99,Jaren Jackson Jr.,0.35349571533832247,0.384,1.0,0.3958333333333333,0.7969924812030075,0.41379310344827586,0.46511627906976744,0.3958333333333333,0.7969924812030075,0.41379310344827586,0.46511627906976744
103,Trae Young,0.3505819940425939,0.344,1.0,0.36085626911314983,0.8613138686131386,0.5299837925445705,0.42696629213483145,0.36085626911314983,0.8613138686131386,0.5299837925445705,0.42696629213483145
104,Troy Brown,0.3368425404178379,0.335,1.0,0.2909090909090909,0.7428571428571429,0.3416149068322981,0.33766233766233766,0.2909090909090909,0.7428571428571429,0.3416149068322981,0.33766233766233766
105,Kevin Knox,0.33958004704667316,0.337,1.0,0.3413173652694611,0.774390243902439,0.3786848072562358,0.43103448275862066,0.3413173652694611,0.774390243902439,0.3786848072562358,0.43103448275862066
108,Marvin Bagley III,0.31399910841028084,0.288,1.0,0.39655172413793105,0.6267942583732058,0.1318181818181818,0.4576271186440678,0.39655172413793105,0.6267942583732058,0.1318181818181818,0.4576271186440678
109,Mohamed Bamba,0.32737167150927315,0.328,1.0,0.27450980392156865,0.680672268907563,0.18888888888888888,0.30666666666666664,0.27450980392156865,0.680672268907563,0.18888888888888888,0.30666666666666664
110,Collin Sexton,0.34062396852411025,0.392,1.0,0.33587786259541985,0.7777777777777778,0.2990867579908676,0.3951612903225806,0.33587786259541985,0.7777777777777778,0.2990867579908676,0.3951612903225806
111,Gary Trent Jr.,0.3965972821176182,0.405,1.0,0.4024896265560166,0.8762886597938144,0.5644028103044496,0.3225806451612903,0.4024896265560166,0.8762886597938144,0.5644028103044496,0.3225806451612903
112,Lance Thomas 1,0.34885835863439163,0.381,1.0,0.2857142857142857,0.75,0.5,1.0,0.2857142857142857,0.75,0.5,1.0
114,Michael Porter Jr.,0.35598539195658807,0.422,1.0,0.3,0.7777777777777778,0.3333333333333333,0.0,0.3,0.7777777777777778,0.3333333333333333,0.0
116,Grayson Allen,0.3618019370095098,0.371,4.0,0.3695652173913043,0.8503937007874016,0.6374133949191686,0.44086021505376344,0.37989556135770236,0.8341793570219966,0.5436479772888574,0.37341772151898733
120,Duncan Robinson,0.4028581325878384,0.437,4.0,0.38144329896907214,0.890625,0.7293233082706767,0.43478260869565216,0.4198198198198198,0.8642857142857143,0.7179818887451488,0.37142857142857144
121,Theo Pinson,0.3021304028903139,0.214,4.0,0.22641509433962265,0.8181818181818182,0.19272727272727272,0.3013698630136986,0.2569832402234637,0.7462121212121212,0.2973421926910299,0.29411764705882354
122,Mikal Bridges,0.3669069741651899,0.345,3.0,0.4351464435146444,0.8507462686567164,0.5031578947368421,0.41333333333333333,0.39953271028037385,0.8452830188679246,0.49026345933562426,0.3951612903225806
124,Aaron Holiday,0.3626240986321412,0.374,3.0,0.4292682926829268,0.828125,0.44565217391304346,0.36538461538461536,0.4215456674473068,0.7953964194373402,0.40359168241965976,0.36908517350157727
127,Landry Shamet,0.380370715809514,0.402,2.0,0.4421052631578947,0.8252427184466019,0.6031746031746031,0.3877551020408163,0.43977591036414565,0.8205128205128205,0.5920398009950248,0.38461538461538464
131,Shake Milton,0.3760512945021658,0.402,3.0,0.43410852713178294,0.8468468468468469,0.4708029197080292,0.4444444444444444,0.42696629213483145,0.7905138339920948,0.5180442374854481,0.4066390041493776
132,Jevon Carter,0.3466026449355599,0.387,4.0,0.39285714285714285,0.8580645161290322,0.3850687622789784,0.41916167664670656,0.3554572271386431,0.7976744186046512,0.4708333333333333,0.39118457300275483
133,Keita Bates-Diop,0.33892512457929347,0.303,3.0,0.358695652173913,0.7943262411347518,0.3572815533980582,0.4587628865979381,0.3524355300859599,0.7757352941176471,0.351460221550856,0.41359773371104813
135,Devin Harris,0.31773157858291956,0.336,4.0,0.22580645161290322,0.7384615384615385,0.12757201646090535,0.23333333333333334,0.26153846153846155,0.6936619718309859,0.11970534069981584,0.29012345679012347
142,Sviatoslav Mykhailiuk,0.36343229293495777,0.385,4.0,0.444015444015444,0.8035714285714286,0.548728813559322,0.3013698630136986,0.40669014084507044,0.746268656716418,0.5831622176591376,0.3151515151515151
147,Devonte' Graham,0.3665873266010534,0.357,4.0,0.4059040590405904,0.8267326732673267,0.5441767068273092,0.33980582524271846,0.40807799442896936,0.7860262008733624,0.5587548638132296,0.34516129032258064
152,Kenrich Williams,0.33052267919802847,0.304,4.0,0.391304347826087,0.6875,0.35276073619631904,0.39080459770114945,0.37407407407407406,0.6254071661237784,0.313588850174216,0.36475409836065575
153,Gary Clark 1,0.32634301393872583,0.321,4.0,0.43548387096774194,0.740506329113924,0.20394736842105263,0.3888888888888889,0.3829787234042553,0.6982758620689655,0.13649564375605033,0.41605839416058393
157,Miles Bridges,0.3389477256194518,0.328,2.0,0.36597938144329895,0.8454545454545455,0.42543859649122806,0.39416058394160586,0.3757396449704142,0.7722772277227723,0.4121951219512195,0.38095238095238093
162,Kevin Huerter,0.3645497183974027,0.383,2.0,0.41420118343195267,0.7628865979381443,0.5382165605095541,0.47761194029850745,0.39644970414201186,0.752,0.5950704225352113,0.44036697247706424
164,Allonzo Trier,0.3653804572930439,0.384,3.0,0.3804347826086957,0.8648648648648649,0.4986449864498645,0.4155844155844156,0.3779527559055118,0.827354260089686,0.45958986731001206,0.38341968911917096
165,Moritz Wagner,0.3297610816469281,0.299,3.0,0.3924050632911392,0.6981132075471698,0.3920595533498759,0.3333333333333333,0.38515901060070673,0.7,0.37139107611548555,0.3986013986013986
166,Donte DiVincenzo,0.3441352613189343,0.318,2.0,0.4009433962264151,0.7102803738317757,0.5421994884910486,0.4626865671641791,0.37790697674418605,0.7052631578947368,0.5325077399380805,0.4690265486725664
167,Jalen Brunson,0.3558955710478088,0.352,3.0,0.4075829383886256,0.8024691358024691,0.40733590733590735,0.50920245398773,0.3933333333333333,0.8197530864197531,0.3964757709251101,0.4716417910447761
169,Jerome Robinson,0.34043261291270505,0.319,3.0,0.4090909090909091,0.8295454545454546,0.3844660194174757,0.4409937888198758,0.3744075829383886,0.7555012224938875,0.3376,0.3856812933025404
172,Lonzo Ball,0.35989693076927465,0.341,1.0,0.41237113402061853,0.673469387755102,0.565597667638484,0.5172413793103449,0.41237113402061853,0.673469387755102,0.565597667638484,0.5172413793103449
175,Dennis Smith Jr.,0.33222520750970774,0.314,1.0,0.35947712418300654,0.715,0.36428571428571427,0.308411214953271,0.35947712418300654,0.715,0.36428571428571427,0.308411214953271
176,Malik Monk,0.357951921101751,0.322,1.0,0.3969465648854962,0.8222222222222222,0.46953405017921146,0.40106951871657753,0.3969465648854962,0.8222222222222222,0.46953405017921146,0.40106951871657753
177,Jayson Tatum,0.3551561058315473,0.401,1.0,0.3418803418803419,0.8489208633093526,0.32054794520547947,0.3770491803278688,0.3418803418803419,0.8489208633093526,0.32054794520547947,0.3770491803278688
178,Lauri Markkanen,0.36318639986378615,0.356,1.0,0.4233128834355828,0.8353658536585366,0.43351063829787234,0.45132743362831856,0.4233128834355828,0.8353658536585366,0.43351063829787234,0.45132743362831856
179,Josh Jackson 1,0.3128378718268273,0.298,1.0,0.37777777777777777,0.5664739884393064,0.2097902097902098,0.3691275167785235,0.37777777777777777,0.5664739884393064,0.2097902097902098,0.3691275167785235
180,Donovan Mitchell 1,0.3465810613879949,0.355,2.0,0.35398230088495575,0.8055555555555556,0.509009009009009,0.36633663366336633,0.3288590604026846,0.7878787878787878,0.47003154574132494,0.39156626506024095
181,Dwayne Bacon,0.33876521471492743,0.345,2.0,0.3333333333333333,0.7536231884057971,0.3496932515337423,0.41916167664670656,0.312280701754386,0.7328767123287672,0.3064516129032258,0.3867924528301887
184,Derrick White,0.35864932402973415,0.364,4.0,0.4014084507042254,0.8045977011494253,0.355,0.4434782608695652,0.4014084507042254,0.8045977011494253,0.355,0.4434782608695652
185,Antonio Blakeney,0.33998899776719893,0.357,2.0,0.3581081081081081,0.7244094488188977,0.3490566037735849,0.43820224719101125,0.3465346534653465,0.7357723577235772,0.4061662198391421,0.4
186,Damyean Dotson,0.364522942495746,0.361,4.0,0.4426229508196721,0.8301886792452831,0.5674418604651162,0.4580152671755725,0.38028169014084506,0.796,0.45971223021582736,0.4434589800443459
188,John Collins,0.32531288357935134,0.369,2.0,0.0,0.7454545454545455,0.0026595744680851063,0.4429530201342282,0.0,0.7292993630573248,0.0019083969465648854,0.42990654205607476
189,OG Anunoby,0.3358792392012633,0.365,2.0,0.3111111111111111,0.5625,0.36885245901639346,0.35714285714285715,0.3111111111111111,0.5625,0.36885245901639346,0.35714285714285715
191,Chris Boucher,0.3360436022818887,0.321,4.0,0.3465346534653465,0.5662650602409639,0.38996138996138996,0.425,0.3411214953271028,0.6422413793103449,0.3912248628884826,0.39655172413793105
196,Jonathan Isaac,0.3388803853780045,0.33,1.0,0.34831460674157305,0.7796610169491526,0.34765625,0.43333333333333335,0.34831460674157305,0.7796610169491526,0.34765625,0.43333333333333335
197,Frank Jackson,0.3400509229683918,0.319,1.0,0.3953488372093023,0.7549019607843137,0.45907473309608543,0.3548387096774194,0.3953488372093023,0.7549019607843137,0.45907473309608543,0.3548387096774194
199,Zach Collins,0.33396294991847014,0.324,1.0,0.47619047619047616,0.7432432432432432,0.10144927536231885,0.5084745762711864,0.47619047619047616,0.7432432432432432,0.10144927536231885,0.5084745762711864
200,James Jones,0.35838589392034614,0.408,1.0,0.4166666666666667,0.6666666666666666,0.631578947368421,0.2,0.4166666666666667,0.6666666666666666,0.631578947368421,0.2
203,Bruce Brown,0.33394575945599486,0.302,1.0,0.3473684210526316,0.743801652892562,0.3253424657534247,0.20754716981132076,0.3473684210526316,0.743801652892562,0.3253424657534247,0.20754716981132076
205,Markelle Fultz,0.3366406574428414,0.267,1.0,0.4126984126984127,0.6488095238095238,0.2870159453302961,0.43434343434343436,0.4126984126984127,0.6488095238095238,0.2870159453302961,0.43434343434343436
206,De'Anthony Melton,0.33443200651750365,0.294,1.0,0.28378378378378377,0.7064220183486238,0.3203463203463203,0.2549019607843137,0.28378378378378377,0.7064220183486238,0.3203463203463203,0.2549019607843137
207,De'Aaron Fox,0.32220438950425473,0.328,1.0,0.2463768115942029,0.7393364928909952,0.15401785714285715,0.375,0.2463768115942029,0.7393364928909952,0.15401785714285715,0.375
209,Josh Hart,0.3375565367462453,0.353,4.0,0.40437158469945356,0.7470588235294118,0.3952483801295896,0.4,0.3890977443609023,0.72,0.40120663650075417,0.403030303030303
213,Sterling Brown,0.349374395928365,0.345,4.0,0.4485294117647059,0.7909090909090909,0.38746438746438744,0.4214876033057851,0.4507042253521127,0.768,0.36363636363636365,0.4186046511627907
216,Kyle Kuzma,0.32651485913104605,0.331,3.0,0.32051282051282054,0.6694214876033058,0.23423423423423423,0.3564356435643564,0.30434782608695654,0.6299212598425197,0.23265895953757226,0.32620320855614976
221,Wesley Iwundu,0.32810108207247773,0.319,4.0,0.3764705882352941,0.7672955974842768,0.27070063694267515,0.3333333333333333,0.33774834437086093,0.6877470355731226,0.16466739367502725,0.2857142857142857
229,Luke Kornet,0.3449427647437561,0.339,4.0,0.3271604938271605,0.8571428571428571,0.453781512605042,0.33035714285714285,0.32119914346895073,0.7818181818181819,0.511500547645126,0.34841628959276016
231,Semi Ojeleye,0.3498706097339433,0.34,3.0,0.42441860465116277,0.7853881278538812,0.3990719257540603,0.424,0.4153846153846154,0.7848101265822784,0.42116630669546434,0.4198473282442748
245,Tyler Dorsey,0.3523381943408612,0.35,2.0,0.4236453201970443,0.7518248175182481,0.5113350125944585,0.3246753246753247,0.412568306010929,0.7302158273381295,0.49795918367346936,0.30666666666666664
247,Luke Kennard,0.3767827199430904,0.402,2.0,0.43781094527363185,0.8556149732620321,0.4144329896907217,0.47474747474747475,0.38337801608579086,0.8671328671328671,0.4548780487804878,0.45517241379310347
249,Thomas Bryant,0.3298058853810001,0.355,2.0,0.38333333333333336,0.7297297297297297,0.21052631578947367,0.345679012345679,0.37333333333333335,0.7183098591549296,0.14563106796116504,0.4
251,Justin Jackson 1,0.33497723033635696,0.324,3.0,0.3678571428571429,0.7480916030534351,0.4778156996587031,0.4147727272727273,0.33739837398373984,0.7125,0.36964688204357626,0.4117647058823529
252,Dillon Brooks,0.34231145063702323,0.358,3.0,0.40425531914893614,0.743801652892562,0.34474327628361856,0.4057971014492754,0.36639118457300274,0.7908847184986595,0.29975227085053674,0.40415704387990764
254,D.J. Wilson,0.3443874353998509,0.322,2.0,0.37272727272727274,0.8333333333333334,0.36065573770491804,0.4722222222222222,0.3582089552238806,0.8169014084507042,0.37222222222222223,0.4672131147540984
257,Monte Morris,0.3404285837264768,0.398,4.0,0.3776223776223776,0.8018018018018018,0.30752688172043013,0.422680412371134,0.36947791164658633,0.7681159420289855,0.2925969447708578,0.4491017964071856
260,Domantas Sabonis,0.3354002275647977,0.321,2.0,0.35714285714285715,0.7680412371134021,0.037037037037037035,0.44966442953020136,0.35714285714285715,0.7281553398058253,0.02385008517887564,0.45098039215686275
261,Malcolm Brogdon,0.3636710438830071,0.385,4.0,0.390625,0.8974358974358975,0.3817097415506958,0.3793103448275862,0.36489151873767256,0.8755186721991701,0.36240171551107936,0.328159645232816
264,David Nwaba,0.2961498885468735,0.344,4.0,0.09090909090909091,0.6347305389221557,0.04150943396226415,0.3333333333333333,0.14285714285714285,0.6309963099630996,0.04251012145748988,0.3242009132420091
265,DeAndre' Bembry,0.3273627656911138,0.269,3.0,0.265625,0.6573033707865169,0.2575452716297787,0.3728813559322034,0.265625,0.6573033707865169,0.2575452716297787,0.3728813559322034
266,Wayne Selden Jr.,0.3358954875533454,0.343,3.0,0.3825136612021858,0.6173913043478261,0.47164948453608246,0.3917525773195876,0.36155606407322655,0.6343042071197411,0.4561586638830898,0.36363636363636365
268,Isaiah Whitehead,0.3333792810454936,0.305,2.0,0.36486486486486486,0.7602040816326531,0.43359375,0.34196891191709844,0.3588957055214724,0.7567567567567568,0.42894736842105263,0.35125448028673834
272,Tyler Ulis,0.3396364869667462,0.28,2.0,0.34375,0.8564102564102564,0.36199095022624433,0.45,0.37130801687763715,0.8461538461538461,0.3904448105436573,0.43333333333333335
276,Abdel Nader,0.33585039502174646,0.352,4.0,0.37142857142857144,0.7358490566037735,0.41543026706231456,0.3793103448275862,0.30455635491606714,0.7312925170068028,0.3794358507734304,0.3116531165311653
280,Ron Baker,0.33451698400129815,0.265,4.0,0.34831460674157305,0.784,0.489010989010989,0.4036697247706422,0.36505460218408736,0.8009478672985783,0.5459965928449745,0.3838383838383838
281,Caris LeVert,0.34377892801481813,0.339,4.0,0.45,0.7878787878787878,0.4,0.2857142857142857,0.39628482972136225,0.7692307692307693,0.39438339438339437,0.3141025641025641
283,Fred VanVleet,0.3503394233950203,0.393,4.0,0.3805309734513274,0.8166666666666667,0.3704918032786885,0.26666666666666666,0.3878116343490305,0.8048780487804879,0.3370681605975724,0.3217665615141956
285,Danuel House,0.34099906853087014,0.369,4.0,0.30864197530864196,0.7151515151515152,0.5214592274678111,0.30927835051546393,0.33835845896147404,0.6979742173112339,0.45642201834862384,0.33620689655172414
286,Jake Layman,0.3373001839793082,0.309,4.0,0.3986013986013986,0.8461538461538461,0.516245487364621,0.3870967741935484,0.3626373626373626,0.7619047619047619,0.5055555555555555,0.344
287,Denzel Valentine,0.36291810406008573,0.366,4.0,0.4444444444444444,0.8526315789473684,0.527027027027027,0.42567567567567566,0.4076923076923077,0.7789473684210526,0.49770290964777947,0.4004739336492891
291,Ryan Arcidiacono,0.3510476073655515,0.373,4.0,0.39378238341968913,0.8363636363636363,0.5202156334231806,0.3826086956521739,0.3582295988934993,0.8008752735229759,0.5921375921375921,0.4017094017094017
292,Buddy Hield,0.39273584370969233,0.411,4.0,0.45652173913043476,0.88,0.5357737104825291,0.3465346534653465,0.39038031319910516,0.8355555555555556,0.511441647597254,0.33035714285714285
293,Bryn Forbes,0.38566507466011724,0.4,4.0,0.48068669527896996,0.84,0.6793002915451894,0.43902439024390244,0.43454038997214484,0.8298507462686567,0.5928984310487201,0.42342342342342343
294,Georges Niang,0.3391112487822593,0.387,4.0,0.3916083916083916,0.8067226890756303,0.27606177606177607,0.47572815533980584,0.3745019920318725,0.7633928571428571,0.2958161461402475,0.43612334801762115
295,Damion Lee,0.3465909626406835,0.346,4.0,0.3407821229050279,0.8432835820895522,0.504225352112676,0.34210526315789475,0.3627311522048364,0.8426573426573427,0.48349381017881704,0.35777126099706746
296,Alex Caruso,0.33402371304972533,0.362,4.0,0.3684210526315789,0.7846153846153846,0.3438914027149321,0.29545454545454547,0.33955223880597013,0.685131195335277,0.319047619047619,0.2553191489361702
298,Taurean Waller-Prince,0.3356545402267891,0.366,4.0,0.36054421768707484,0.7692307692307693,0.3458823529411765,0.3333333333333333,0.3775811209439528,0.7168141592920354,0.3476923076923077,0.35454545454545455
301,Kris Dunn,0.32451635800872425,0.306,3.0,0.37168141592920356,0.6947368421052632,0.2749391727493917,0.30434782608695654,0.35436893203883496,0.6926713947990544,0.21845174973488865,0.3489736070381232
306,Shaquille Harrison,0.2966083821621668,0.293,4.0,0.1951219512195122,0.6318407960199005,0.11171662125340599,0.2916666666666667,0.21476510067114093,0.6438569206842923,0.1320921985815603,0.2653846153846154
308,Troy Williams,0.3287528705323436,0.299,3.0,0.3466666666666667,0.691358024691358,0.2358490566037736,0.328125,0.3247863247863248,0.7047353760445683,0.1482889733840304,0.34951456310679613
317,Dorian Finney-Smith,0.33448381731062343,0.33,4.0,0.36787564766839376,0.7333333333333333,0.49870801033591733,0.2872340425531915,0.361328125,0.6574074074074074,0.43798118049615054,0.27941176470588236
319,Malik Beasley,0.3502945353289273,0.388,1.0,0.3873239436619718,0.8125,0.361323155216285,0.3524590163934426,0.3873239436619718,0.8125,0.361323155216285,0.3524590163934426
323,Jamal Murray,0.3588687446929243,0.358,1.0,0.40794223826714804,0.7828947368421053,0.5148698884758365,0.36,0.40794223826714804,0.7828947368421053,0.5148698884758365,0.36
324,Derrick Jones Jr.,0.29679900964106803,0.282,1.0,0.1891891891891892,0.6016260162601627,0.19270833333333334,0.4,0.1891891891891892,0.6016260162601627,0.19270833333333334,0.4
325,Henry Ellenson,0.3377448882593738,0.343,1.0,0.28846153846153844,0.7486910994764397,0.23908045977011494,0.43577981651376146,0.28846153846153844,0.7486910994764397,0.23908045977011494,0.43577981651376146
326,Yogi Ferrell,0.3656581817965622,0.367,4.0,0.42021276595744683,0.8292682926829268,0.4392523364485981,0.358974358974359,0.42021276595744683,0.8292682926829268,0.4392523364485981,0.358974358974359
329,Jaylen Brown,0.3348127138832778,0.371,1.0,0.29411764705882354,0.6543778801843319,0.2698412698412698,0.3017241379310345,0.29411764705882354,0.6543778801843319,0.2698412698412698,0.3017241379310345
330,Pascal Siakam,0.3322877688119403,0.334,2.0,0.2,0.6855670103092784,0.031185031185031187,0.4329896907216495,0.17647058823529413,0.71875,0.022427440633245383,0.41935483870967744
331,Patrick McCaw,0.33257614952703973,0.305,2.0,0.3522727272727273,0.7692307692307693,0.5191740412979351,0.3898305084745763,0.363914373088685,0.75,0.5495798319327732,0.35514018691588783
333,Jonah Bolden,0.32873402830205944,0.34,2.0,0.25,0.7333333333333333,0.2926829268292683,0.3695652173913043,0.25,0.7333333333333333,0.2926829268292683,0.3695652173913043
335,Brandon Ingram,0.3431033747087977,0.36,1.0,0.41025641025641024,0.6823529411764706,0.40289256198347106,0.37790697674418605,0.41025641025641024,0.6823529411764706,0.40289256198347106,0.37790697674418605
336,Dejounte Murray,0.33144327309519406,0.351,1.0,0.288135593220339,0.6626506024096386,0.24279835390946503,0.3383084577114428,0.288135593220339,0.6626506024096386,0.24279835390946503,0.3383084577114428
340,Marquese Chriss,0.3222038787885285,0.29,1.0,0.35,0.6846153846153846,0.17699115044247787,0.42105263157894735,0.35,0.6846153846153846,0.17699115044247787,0.42105263157894735
344,Stanley Johnson,0.3307921957381927,0.293,1.0,0.3706896551724138,0.7415730337078652,0.29743589743589743,0.432258064516129,0.3706896551724138,0.7415730337078652,0.29743589743589743,0.432258064516129
345,Kelly Oubre,0.3341925192770968,0.329,1.0,0.35789473684210527,0.7181818181818181,0.38306451612903225,0.37333333333333335,0.35789473684210527,0.7181818181818181,0.38306451612903225,0.37333333333333335
347,Trey Lyles,0.32314346107509606,0.341,1.0,0.13793103448275862,0.7352941176470589,0.12083333333333333,0.35772357723577236,0.13793103448275862,0.7352941176470589,0.12083333333333333,0.35772357723577236
348,Karl-Anthony Towns,0.3566250441802998,0.396,1.0,0.25,0.8134328358208955,0.03125,0.4375,0.25,0.8134328358208955,0.03125,0.4375
351,Tyus Jones,0.3568758578150455,0.345,1.0,0.3790322580645161,0.8888888888888888,0.38271604938271603,0.3274336283185841,0.3790322580645161,0.8888888888888888,0.38271604938271603,0.3274336283185841
352,D'Angelo Russell,0.3485892611525403,0.356,1.0,0.41125541125541126,0.7564102564102564,0.44854368932038835,0.3793103448275862,0.41125541125541126,0.7564102564102564,0.44854368932038835,0.3793103448275862
354,Justise Winslow,0.3388729670293944,0.337,1.0,0.41818181818181815,0.6410256410256411,0.3089887640449438,0.17647058823529413,0.41818181818181815,0.6410256410256411,0.3089887640449438,0.17647058823529413
355,Frank Mason,0.3339570937894322,0.298,2.0,0.42857142857142855,0.7857142857142857,0.28823529411764703,0.3944954128440367,0.39215686274509803,0.7440758293838863,0.31160896130346233,0.3825503355704698
356,Rashad Vaughn,0.3311063415371478,0.313,1.0,0.3829787234042553,0.6938775510204082,0.4298780487804878,0.42,0.3829787234042553,0.6938775510204082,0.4298780487804878,0.42
358,Myles Turner,0.3479954747484017,0.357,1.0,0.27419354838709675,0.8392857142857143,0.24124513618677043,0.425531914893617,0.27419354838709675,0.8392857142857143,0.24124513618677043,0.425531914893617
363,Jerian Grant,0.3413777228430266,0.323,4.0,0.31645569620253167,0.7798165137614679,0.3700234192037471,0.3700787401574803,0.3448940269749518,0.7901234567901234,0.4067398119122257,0.33608815426997246
366,Richaun Holmes,0.3180006041167482,0.257,4.0,0.4186046511627907,0.7112676056338029,0.15357142857142858,0.3902439024390244,0.35294117647058826,0.698005698005698,0.12125534950071326,0.3377777777777778
367,Sam Dekker,0.332240557502446,0.288,3.0,0.33112582781456956,0.7079646017699115,0.37192118226600984,0.3717948717948718,0.3480392156862745,0.6947040498442367,0.4035608308605341,0.35353535353535354
368,Josh Richardson,0.3439423738341265,0.363,4.0,0.359375,0.7983870967741935,0.3208020050125313,0.445,0.32131147540983607,0.7564102564102564,0.306841046277666,0.449438202247191
369,Pat Connaughton,0.3562485488668477,0.344,4.0,0.42272727272727273,0.78125,0.6179775280898876,0.4888888888888889,0.3856115107913669,0.7767441860465116,0.6069868995633187,0.40588235294117647
370,Larry Nance Jr.,0.33263710834161664,0.324,4.0,0.34146341463414637,0.7847222222222222,0.11815561959654179,0.3670212765957447,0.3181818181818182,0.7705314009661836,0.11904761904761904,0.3547008547008547
371,Quinn Cook,0.379054407880705,0.407,4.0,0.3953488372093023,0.8909090909090909,0.5876993166287016,0.4074074074074074,0.3751987281399046,0.853035143769968,0.5093117408906883,0.3411371237458194
372,Joe Young,0.35242803724926325,0.296,4.0,0.364,0.9323308270676691,0.4355400696864111,0.42718446601941745,0.3900414937759336,0.8871595330739299,0.4316417910447761,0.4017391304347826
377,Chasson Randle,0.3624019956290828,0.378,4.0,0.3629032258064516,0.8771929824561403,0.4601113172541744,0.35625,0.386277001270648,0.8055555555555556,0.4433802816901408,0.3783231083844581
379,T.J. McConnell,0.33840024531909557,0.332,4.0,0.32051282051282054,0.8285714285714286,0.24920127795527156,0.47333333333333333,0.37640449438202245,0.7489361702127659,0.321880650994575,0.4608695652173913
381,Norman Powell,0.3351731646293852,0.361,4.0,0.31932773109243695,0.7514792899408284,0.25481798715203424,0.3282442748091603,0.3123209169054441,0.7485549132947977,0.3216589861751152,0.34296028880866425
383,Treveon Graham,0.33579548919776964,0.333,4.0,0.38095238095238093,0.6906077348066298,0.417910447761194,0.44274809160305345,0.35398230088495575,0.6914728682170542,0.39482879105520613,0.41043083900226757
384,Darrun Hilliard,0.336163610145286,0.304,4.0,0.3872549019607843,0.7961165048543689,0.5284974093264249,0.3978494623655914,0.36795774647887325,0.7476635514018691,0.5071428571428571,0.3826086956521739
385,Frank Kaminsky,0.333530671796792,0.347,4.0,0.4158415841584158,0.78,0.2069672131147541,0.4251207729468599,0.36917562724014336,0.7634961439588689,0.2754195459032576,0.4139941690962099
386,Royce O'Neale,0.34246143214282,0.375,4.0,0.4375,0.7727272727272727,0.47257383966244726,0.21052631578947367,0.39664804469273746,0.7512562814070352,0.4196951934349355,0.28225806451612906
387,Mo Williams,0.3444563495896931,0.357,4.0,0.2727272727272727,0.6060606060606061,0.6197183098591549,0.5833333333333334,0.2903225806451613,0.7122302158273381,0.5254237288135594,0.375
388,Delon Wright,0.34334065933638647,0.342,4.0,0.3561643835616438,0.8351648351648352,0.22884012539184953,0.3469387755102041,0.30158730158730157,0.8140161725067385,0.20454545454545456,0.36024844720496896
390,Andrew Harrison,0.3395863304498261,0.294,2.0,0.3829787234042553,0.7924528301886793,0.352059925093633,0.2608695652173913,0.3670212765957447,0.776566757493188,0.3149078726968174,0.2801556420233463
392,Jarell Martin,0.32894861179810275,0.346,2.0,0.2692307692307692,0.6896551724137931,0.1309823677581864,0.3669064748201439,0.3082706766917293,0.689419795221843,0.20336391437308868,0.33636363636363636
394,Justin Anderson,0.33321265436249475,0.296,3.0,0.4519230769230769,0.7804878048780488,0.47058823529411764,0.23529411764705882,0.35661764705882354,0.7518796992481203,0.40657698056801195,0.3263157894736842
395,Terry Rozier,0.34216073989671814,0.371,2.0,0.3057324840764331,0.7897727272727273,0.30134357005758156,0.4036697247706422,0.33070866141732286,0.7719298245614035,0.33731739707835323,0.3829787234042553
396,Bobby Portis,0.33028268899715213,0.36,2.0,0.4666666666666667,0.7371794871794872,0.06437768240343347,0.3799126637554585,0.36507936507936506,0.7372262773722628,0.08056265984654731,0.37371134020618557
397,Cameron Payne,0.34406369085090505,0.344,2.0,0.37272727272727274,0.782608695652174,0.4280155642023346,0.46153846153846156,0.3591549295774648,0.7903225806451613,0.4405377456049638,0.43567251461988304
400,Alfonzo McKinnie,0.3148594779331797,0.307,4.0,0.2962962962962963,0.5238095238095238,0.2488479262672811,0.3291139240506329,0.3283582089552239,0.6263736263736264,0.13346613545816732,0.3487179487179487
401,Christian Wood,0.34132059867613085,0.368,2.0,0.2840909090909091,0.7307692307692307,0.23978201634877383,0.4251968503937008,0.2608695652173913,0.743455497382199,0.28512396694214875,0.40397350993377484
402,Rondae Hollis-Jefferson,0.3175909076714547,0.213,2.0,0.20689655172413793,0.7073170731707317,0.10545454545454545,0.3445378151260504,0.20512820512820512,0.6966292134831461,0.07471264367816093,0.30357142857142855
403,Devin Booker 1,0.3631186842082122,0.354,1.0,0.41134751773049644,0.828125,0.4912891986062718,0.3977272727272727,0.41134751773049644,0.828125,0.4912891986062718,0.3977272727272727
405,Marcus Smart,0.33605987501522416,0.318,2.0,0.29878048780487804,0.728,0.42487046632124353,0.3185840707964602,0.29491525423728815,0.7505376344086021,0.3881578947368421,0.33877551020408164
407,Elfrid Payton,0.29667426270356584,0.289,3.0,0.25925925925925924,0.5901060070671378,0.1232876712328767,0.26277372262773724,0.2702702702702703,0.6022544283413849,0.11155778894472362,0.28370786516853935
411,Gary Harris,0.3485785440970999,0.36,2.0,0.3521739130434783,0.8098591549295775,0.5054945054945055,0.4016393442622951,0.381201044386423,0.7792207792207793,0.4929214929214929,0.3838383838383838
415,Kyle Anderson 1,0.3257272145957878,0.311,2.0,0.4827586206896552,0.7365591397849462,0.15384615384615385,0.42358078602620086,0.375,0.735973597359736,0.14328358208955225,0.39095744680851063
416,Jerami Grant,0.3211967700165229,0.347,2.0,0.0,0.6741573033707865,0.018656716417910446,0.3333333333333333,0.3,0.6414342629482072,0.05194805194805195,0.32972972972972975
417,JaKarr Sampson,0.27606870222506097,0.251,2.0,0.2,0.5648148148148148,0.01366120218579235,0.39819004524886875,0.07692307692307693,0.6065573770491803,0.015931372549019607,0.39114391143911437
419,T.J. Warren,0.3319165719987213,0.361,2.0,0.2672413793103448,0.6902654867256637,0.17791411042944785,0.4195804195804196,0.3146853146853147,0.6543624161073825,0.15036803364879076,0.44471153846153844
422,Shabazz Napier,0.3595353677669958,0.345,4.0,0.4046511627906977,0.8697478991596639,0.4334677419354839,0.3575757575757576,0.37518037518037517,0.8130990415335463,0.47892190739460955,0.33729216152019004
426,Josh Huestis,0.32114951105573225,0.312,4.0,0.33766233766233766,0.6274509803921569,0.22254335260115607,0.3595505617977528,0.3188405797101449,0.6101083032490975,0.23793103448275862,0.39853300733496333
427,Markel Brown,0.3348997925040028,0.295,4.0,0.3793103448275862,0.7680412371134021,0.36069651741293535,0.38405797101449274,0.34523809523809523,0.7344322344322345,0.33653846153846156,0.3620309050772627
428,Sean Kilpatrick,0.342694996038092,0.335,4.0,0.34831460674157305,0.8450704225352113,0.5276679841897233,0.288,0.34739178690344064,0.7798507462686567,0.5340841730883225,0.34183673469387754
429,Spencer Dinwiddie,0.3540781163849286,0.318,3.0,0.4126984126984127,0.8571428571428571,0.48091603053435117,0.43478260869565216,0.3885135135135135,0.8286290322580645,0.4378698224852071,0.3520408163265306
430,Rodney Hood,0.3551383335877649,0.372,2.0,0.42011834319526625,0.8074074074074075,0.41019417475728154,0.43452380952380953,0.3959731543624161,0.7727272727272727,0.4263233190271817,0.44932432432432434
432,Torrey Craig,0.3374559878746053,0.32,4.0,0.29464285714285715,0.6115107913669064,0.46473029045643155,0.390625,0.3287037037037037,0.6714876033057852,0.4951289398280802,0.3497854077253219
433,Tyler Johnson 1,0.3421741499721174,0.359,4.0,0.43846153846153846,0.8031496062992126,0.33248081841432225,0.3961038961038961,0.36688311688311687,0.718266253869969,0.30225711481844947,0.4054669703872437
437,Jordan McRae 1,0.3406714870279544,0.355,4.0,0.35,0.7884615384615384,0.43824701195219123,0.3225806451612903,0.33725490196078434,0.7700892857142857,0.4366438356164384,0.3157894736842105
438,Jordan Clarkson,0.34477691327882076,0.342,3.0,0.2807017543859649,0.8307692307692308,0.24358974358974358,0.34911242603550297,0.3220338983050847,0.8049281314168378,0.2741635687732342,0.3619047619047619
442,Dwight Powell,0.32146038520483955,0.293,4.0,0.2564102564102564,0.6872037914691943,0.10290237467018469,0.39303482587064675,0.2894736842105263,0.7217235188509874,0.10270270270270271,0.36428571428571427
443,Joe Harris 1,0.3689262758703575,0.426,4.0,0.4,0.6403508771929824,0.5325443786982249,0.2857142857142857,0.4071207430340557,0.7222222222222222,0.5062695924764891,0.3902439024390244
446,K.J. McDaniels,0.33218176332084,0.29,3.0,0.30434782608695654,0.8415300546448088,0.3032967032967033,0.3584905660377358,0.3127413127413127,0.7666666666666667,0.32213930348258707,0.31297709923664124
451,Willie Green,0.33574740902499306,0.382,4.0,0.2727272727272727,0.6946564885496184,0.07432432432432433,0.38095238095238093,0.234375,0.6690140845070423,0.1024,0.37349397590361444
453,Tyler Ennis,0.3302492250585247,0.317,1.0,0.35294117647058826,0.7651006711409396,0.2361111111111111,0.3333333333333333,0.35294117647058826,0.7651006711409396,0.2361111111111111,0.3333333333333333
454,Andrew Wiggins,0.337408186255718,0.332,1.0,0.3412698412698413,0.775330396475771,0.2985781990521327,0.33540372670807456,0.3412698412698413,0.775330396475771,0.2985781990521327,0.33540372670807456
455,Joel Embiid,0.32473183226849966,0.319,1.0,0.2,0.6853146853146853,0.029239766081871343,0.38461538461538464,0.2,0.6853146853146853,0.029239766081871343,0.38461538461538464
457,Jabari Parker,0.3296395810549224,0.324,1.0,0.3584905660377358,0.7476635514018691,0.2124248496993988,0.38341968911917096,0.3584905660377358,0.7476635514018691,0.2124248496993988,0.38341968911917096
459,Aaron Gordon,0.30125245960581554,0.319,1.0,0.35555555555555557,0.4222222222222222,0.11780104712041885,0.2571428571428571,0.35555555555555557,0.4222222222222222,0.11780104712041885,0.2571428571428571
461,Glenn Robinson III,0.339546768315165,0.373,2.0,0.3055555555555556,0.7565217391304347,0.289544235924933,0.3904109589041096,0.3128491620111732,0.7181818181818181,0.27203647416413373,0.41810344827586204
463,Nik Stauskas,0.3770798871913388,0.353,2.0,0.4423076923076923,0.8235294117647058,0.5279187817258884,0.40404040404040403,0.44072164948453607,0.8292682926829268,0.5623188405797102,0.379746835443038
464,Julius Randle,0.32234780954449926,0.295,1.0,0.16666666666666666,0.7058823529411765,0.04591836734693878,0.3465909090909091,0.16666666666666666,0.7058823529411765,0.04591836734693878,0.3465909090909091
465,James Young,0.33081782983046837,0.277,1.0,0.34893617021276596,0.7062146892655368,0.5222222222222223,0.35714285714285715,0.34893617021276596,0.7062146892655368,0.5222222222222223,0.35714285714285715
466,Zach LaVine,0.34097034129723935,0.375,1.0,0.375,0.6911764705882353,0.4444444444444444,0.4117647058823529,0.375,0.6911764705882353,0.4444444444444444,0.4117647058823529
467,Noah Vonleh,0.3252805002038223,0.31,1.0,0.48484848484848486,0.7164179104477612,0.1527777777777778,0.39344262295081966,0.48484848484848486,0.7164179104477612,0.1527777777777778,0.39344262295081966
468,Doug McDermott,0.3833616152123943,0.412,4.0,0.4485981308411215,0.8640776699029126,0.3413078149920255,0.4098360655737705,0.45819397993311034,0.8307692307692308,0.28819277108433733,0.4327666151468315
469,Langston Galloway,0.3740441621902839,0.367,4.0,0.4426229508196721,0.8260869565217391,0.5700934579439252,0.358974358974359,0.42555831265508687,0.8206388206388207,0.5369753497668222,0.3506787330316742
472,Tim Frazier,0.3397538387478485,0.329,4.0,0.29069767441860467,0.785,0.22691292875989447,0.37988826815642457,0.30962343096234307,0.7743589743589744,0.19670781893004116,0.36428571428571427
473,Anthony Bennett,0.3204391936450603,0.261,1.0,0.3829787234042553,0.6964285714285714,0.25753424657534246,0.43410852713178294,0.3829787234042553,0.6964285714285714,0.25753424657534246,0.43410852713178294
474,Ian Clark 1,0.370913375035379,0.34,4.0,0.45023696682464454,0.8611111111111112,0.5523560209424084,0.5375,0.421455938697318,0.8174904942965779,0.5669804489500362,0.4492753623188406
477,Shabazz Muhammad,0.32643423456833154,0.319,1.0,0.37735849056603776,0.7111111111111111,0.2324561403508772,0.36283185840707965,0.37735849056603776,0.7111111111111111,0.2324561403508772,0.36283185840707965
478,Cody Zeller,0.30412025024865796,0.248,2.0,0.0,0.7567567567567568,0.005649717514124294,0.43478260869565216,0.0,0.7557894736842106,0.002962962962962963,0.4223300970873786
479,Ben McLemore,0.3733595084068542,0.366,1.0,0.41954022988505746,0.8695652173913043,0.435,0.35,0.41954022988505746,0.8695652173913043,0.435,0.35
480,Archie Goodwin,0.2957508413401818,0.236,1.0,0.265625,0.6367924528301887,0.1792717086834734,0.29310344827586204,0.265625,0.6367924528301887,0.1792717086834734,0.29310344827586204
484,Matthew Dellavedova,0.3590227887340326,0.368,4.0,0.3744292237442922,0.8503401360544217,0.5328467153284672,0.4253731343283582,0.37907608695652173,0.8571428571428571,0.5329471397538016,0.40389294403892945
485,Isaiah Canaan,0.3623639085508041,0.351,4.0,0.37142857142857144,0.8232044198895028,0.5125523012552301,0.45323741007194246,0.41594202898550725,0.8028673835125448,0.5160807778608826,0.41714285714285715
486,Troy Daniels,0.35684038208092517,0.395,4.0,0.4025974025974026,0.7037037037037037,0.8627450980392157,0.5142857142857142,0.3861538461538462,0.7816091954022989,0.8507853403141361,0.38461538461538464
487,Mike Muscala,0.34699381153576053,0.368,4.0,0.25,0.7882882882882883,0.03644646924829157,0.39655172413793105,0.31343283582089554,0.8192419825072886,0.0467877094972067,0.3961290322580645
488,Tim Hardaway Jr.,0.33855104462766805,0.353,3.0,0.35789473684210527,0.6952380952380952,0.4222222222222222,0.35428571428571426,0.32075471698113206,0.7075098814229249,0.44272076372315033,0.4
489,Lorenzo Brown,0.32754727173328063,0.17,3.0,0.2631578947368421,0.7714285714285715,0.2275449101796407,0.312,0.3047619047619048,0.7408376963350786,0.2198952879581152,0.3439153439153439
490,CJ McCollum,0.36700782670163357,0.397,4.0,0.515625,0.8493150684931506,0.32989690721649484,0.43283582089552236,0.3793706293706294,0.8260869565217391,0.3291139240506329,0.38912732474964234
491,Ray McCallum,0.33456812003017755,0.335,3.0,0.3170731707317073,0.7150259067357513,0.29782082324455206,0.33653846153846156,0.29375,0.7200704225352113,0.28751123090745734,0.3238434163701068
492,Andre Roberson,0.3040050048062425,0.255,3.0,0.3275862068965517,0.5510204081632653,0.2109090909090909,0.31746031746031744,0.35507246376811596,0.5792682926829268,0.193006993006993,0.26490066225165565
495,Reggie Bullock,0.36081712916177344,0.385,3.0,0.4292929292929293,0.7671232876712328,0.5706051873198847,0.46938775510204084,0.38381742738589214,0.7203389830508474,0.598014888337469,0.4690265486725664
496,Seth Curry,0.3884759530304518,0.443,4.0,0.4377880184331797,0.8092105263157895,0.5117924528301887,0.4768211920529801,0.3906447534766119,0.8252032520325203,0.5210803689064558,0.4144927536231884
497,Rodney McGruder,0.3371776133082504,0.336,4.0,0.34,0.7477477477477478,0.32894736842105265,0.42328042328042326,0.38065843621399176,0.7561728395061729,0.3919354838709677,0.411522633744856
500,Solomon Hill,0.3339775542252616,0.336,4.0,0.3904109589041096,0.7661290322580645,0.42318840579710143,0.41025641025641024,0.3745928338762215,0.7445414847161572,0.30335968379446643,0.3707865168539326
503,Kelly Olynyk,0.3440665639004113,0.373,3.0,0.3103448275862069,0.7797619047619048,0.08708708708708708,0.5274725274725275,0.323943661971831,0.7075812274368231,0.12839059674502712,0.47191011235955055
509,Robert Covington,0.3560745580853966,0.356,4.0,0.3695652173913043,0.8333333333333334,0.34980988593155893,0.33,0.4176904176904177,0.7967479674796748,0.33170334148329256,0.3469387755102041
512,Ryan Kelly,0.3463066599804001,0.316,4.0,0.42168674698795183,0.8117647058823529,0.3915094339622642,0.4431818181818182,0.379182156133829,0.8051470588235294,0.3944281524926686,0.4
517,Ryan Broekhoff,0.38919643479122146,0.403,4.0,0.41708542713567837,0.8805970149253731,0.5637393767705382,0.2777777777777778,0.41116751269035534,0.8150134048257373,0.5639312977099237,0.328042328042328
519,Kentavious Caldwell-Pope,0.33920085278296935,0.349,2.0,0.37333333333333335,0.7988165680473372,0.5232558139534884,0.3482142857142857,0.33940774487471526,0.752,0.5393120393120393,0.37755102040816324
521,Trey Burke,0.3415975163887273,0.345,2.0,0.38341968911917096,0.8048780487804879,0.35543278084714547,0.44308943089430897,0.37110481586402266,0.7804878048780488,0.37354497354497357,0.41624365482233505
523,Michael Carter-Williams,0.3278088279445853,0.256,2.0,0.2916666666666667,0.6935483870967742,0.30456852791878175,0.2698412698412698,0.30434782608695654,0.6794258373205742,0.3053097345132743,0.2708333333333333
525,Dewayne Dedmon,0.30690602694699914,0.333,3.0,0.0,0.6808510638297872,0.017045454545454544,0.3939393939393939,0.0,0.6136363636363636,0.013605442176870748,0.36419753086419754
526,Tony Snell,0.3666461657138243,0.385,3.0,0.3902439024390244,0.8431372549019608,0.4809384164222874,0.4049586776859504,0.382830626450116,0.8241206030150754,0.5912208504801097,0.4134078212290503
527,Otto Porter,0.33431473707617676,0.404,2.0,0.4215686274509804,0.7770700636942676,0.2914285714285714,0.40372670807453415,0.3576158940397351,0.7446808510638298,0.2603448275862069,0.44609665427509293
528,Alex Len,0.3206759763099701,0.333,2.0,0.125,0.6862745098039216,0.024691358024691357,0.31690140845070425,0.1111111111111111,0.6633165829145728,0.0215311004784689,0.32065217391304346
529,Victor Oladipo,0.33658084895480783,0.35,3.0,0.4411764705882353,0.7461538461538462,0.2236842105263158,0.46296296296296297,0.3380281690140845,0.7158774373259053,0.1883289124668435,0.3795620437956204
531,Allen Crabbe,0.3584937194605589,0.387,3.0,0.34782608695652173,0.8129496402877698,0.39316239316239315,0.46632124352331605,0.3820840950639854,0.81875,0.4577405857740586,0.4190064794816415
532,James Ennis,0.3451313552378488,0.35,4.0,0.3581081081081081,0.8527131782945736,0.4277456647398844,0.3373493975903614,0.3533834586466165,0.7981220657276995,0.4691358024691358,0.38392857142857145
533,Shane Larkin,0.35159904098557115,0.336,2.0,0.40588235294117647,0.7767857142857143,0.44502617801047123,0.47959183673469385,0.3754646840148699,0.8076923076923077,0.4598290598290598,0.4066666666666667
536,Robbie Hummel,0.3491904322776647,0.343,4.0,0.3829787234042553,0.8248175182481752,0.4043010752688172,0.42,0.3758169934640523,0.861003861003861,0.4021024967148489,0.4469135802469136
537,Tony Wroten,0.275818307210973,0.231,1.0,0.16071428571428573,0.5833333333333334,0.12527964205816555,0.34591194968553457,0.16071428571428573,0.5833333333333334,0.12527964205816555,0.34591194968553457
538,Bradley Beal,0.34419872915605737,0.38,1.0,0.3387096774193548,0.7687861271676301,0.4732824427480916,0.32857142857142857,0.3387096774193548,0.7687861271676301,0.4732824427480916,0.32857142857142857
540,Austin Rivers,0.33372782037707993,0.348,1.0,0.36477987421383645,0.657608695652174,0.39552238805970147,0.3333333333333333,0.36477987421383645,0.657608695652174,0.39552238805970147,0.3333333333333333
541,Jonathon Simmons,0.3278639673065163,0.317,3.0,0.38271604938271603,0.7054263565891473,0.27835051546391754,0.41379310344827586,0.38271604938271603,0.7054263565891473,0.27835051546391754,0.41379310344827586
542,Andre Drummond,0.24627857443259457,0.146,1.0,0.0,0.29545454545454547,0.00684931506849315,0.2571428571428571,0.0,0.29545454545454547,0.00684931506849315,0.2571428571428571
543,Jason Smith,0.3297322070727342,0.335,3.0,0.2727272727272727,0.6923076923076923,0.2558139534883721,0.2571428571428571,0.2727272727272727,0.6923076923076923,0.2558139534883721,0.2571428571428571
544,Michael Kidd-Gilchrist,0.31365686342524784,0.272,1.0,0.2549019607843137,0.7447916666666666,0.15644171779141106,0.3560606060606061,0.2549019607843137,0.7447916666666666,0.15644171779141106,0.3560606060606061
545,Anthony Davis,0.32452352367753723,0.319,1.0,0.15,0.7093596059113301,0.05934718100890208,0.38461538461538464,0.15,0.7093596059113301,0.05934718100890208,0.38461538461538464
547,Quincy Miller,0.33765819874290676,0.292,1.0,0.3582089552238806,0.8214285714285714,0.21967213114754097,0.391025641025641,0.3582089552238806,0.8214285714285714,0.21967213114754097,0.391025641025641
548,John Jenkins,0.37987908939320014,0.367,3.0,0.43934426229508194,0.8366013071895425,0.665938864628821,0.4044943820224719,0.4357864357864358,0.8556149732620321,0.6334552102376599,0.3983739837398374
549,Orlando Johnson,0.3353200002499154,0.311,4.0,0.4267515923566879,0.7126436781609196,0.36768149882903983,0.3817204301075269,0.3894927536231884,0.7256894049346879,0.353393085787452,0.38509316770186336
554,Khris Middleton,0.335083102814004,0.392,3.0,0.25675675675675674,0.75,0.3162393162393162,0.4380165289256198,0.3284671532846715,0.7657992565055762,0.3600525624178712,0.4115755627009646
557,Justin Hamilton,0.3357245077882375,0.309,3.0,0.25,0.781021897810219,0.0375,0.42391304347826086,0.25,0.7383966244725738,0.0223463687150838,0.4603174603174603
560,JaMychal Green,0.34285409988035104,0.374,4.0,0.2,0.689922480620155,0.040160642570281124,0.45,0.1875,0.7104377104377104,0.0136986301369863,0.402
561,Damian Lillard,0.37255192946458204,0.373,3.0,0.39631336405529954,0.8847736625514403,0.4587737843551797,0.3563218390804598,0.38461538461538464,0.8617594254937163,0.4807073954983923,0.32926829268292684
563,Mike Scott 1,0.3491137704463077,0.364,4.0,0.3,0.8081395348837209,0.05235602094240838,0.5230769230769231,0.36363636363636365,0.775330396475771,0.0392156862745098,0.46346555323590816
565,Kyle O'Quinn,0.30028432011616757,0.218,4.0,0.21428571428571427,0.704225352112676,0.0851063829787234,0.41228070175438597,0.2660098522167488,0.6884210526315789,0.1888372093023256,0.4318181818181818
567,Draymond Green,0.3264114437219366,0.319,4.0,0.3880597014925373,0.7225433526011561,0.2838983050847458,0.34104046242774566,0.36,0.6904276985743381,0.21645021645021645,0.36363636363636365
568,Quincy Acy,0.32692061754563073,0.35,4.0,0.6,0.7764705882352941,0.019083969465648856,0.3333333333333333,0.42857142857142855,0.7074688796680498,0.008695652173913044,0.3790849673202614
573,Kent Bazemore,0.3312752965014254,0.351,4.0,0.32075471698113206,0.6318681318681318,0.3479212253829322,0.3389830508474576,0.33444816053511706,0.5807770961145194,0.25887445887445887,0.3425692695214106
577,Darius Miller,0.35249086806456875,0.382,4.0,0.37583892617449666,0.7971014492753623,0.49337748344370863,0.49038461538461536,0.3779697624190065,0.8149779735682819,0.46814964610717896,0.4627831715210356
580,Chris Johnson 2,0.3476605375523058,0.307,4.0,0.39655172413793105,0.8589743589743589,0.6170212765957447,0.3023255813953488,0.3716535433070866,0.8286516853932584,0.5809698078682525,0.3163265306122449
582,Jeffery Taylor,0.3267500532085361,0.319,4.0,0.4230769230769231,0.6050955414012739,0.36619718309859156,0.3148148148148148,0.3584905660377358,0.6932515337423313,0.2321167883211679,0.3125
583,Andrew Nicholson,0.3329103296321504,0.321,4.0,0.4339622641509434,0.7757575757575758,0.13766233766233765,0.4861878453038674,0.3815789473684211,0.7203791469194313,0.054558506819813356,0.44482758620689655
586,Hollis Thompson,0.35474569735309447,0.386,3.0,0.4318181818181818,0.6708860759493671,0.4036697247706422,0.32608695652173914,0.4409722222222222,0.6726190476190477,0.45141065830721006,0.38271604938271603
587,Jared Sullinger,0.3242700240417741,0.272,2.0,0.4,0.7675438596491229,0.09111617312072894,0.415929203539823,0.36538461538461536,0.7333333333333333,0.061248527679623084,0.39902676399026765
588,Jeremy Lamb,0.3454485481289044,0.339,2.0,0.33649289099526064,0.8099173553719008,0.4647577092511013,0.5,0.3482142857142857,0.8055555555555556,0.4057971014492754,0.46296296296296297
589,Meyers Leonard,0.34717356450333525,0.39,2.0,0.09090909090909091,0.7322834645669292,0.037800687285223365,0.4411764705882353,0.08333333333333333,0.7291666666666666,0.034383954154727794,0.41916167664670656
590,Will Barton,0.3368292743254607,0.347,2.0,0.34579439252336447,0.7486033519553073,0.23672566371681417,0.3821656050955414,0.2992125984251969,0.732824427480916,0.3016627078384798,0.38461538461538464
591,Terrence Ross,0.34469846861417835,0.37,2.0,0.3711340206185567,0.7659574468085106,0.4127659574468085,0.43915343915343913,0.36363636363636365,0.7637795275590551,0.45571428571428574,0.43373493975903615
592,Harrison Barnes,0.3356334025640724,0.375,2.0,0.35766423357664234,0.7230769230769231,0.2629558541266795,0.3856655290102389,0.3493975903614458,0.7335423197492164,0.32612966601178783,0.3916349809885932
593,Perry Jones III,0.3278413377897106,0.293,2.0,0.30303030303030304,0.696078431372549,0.09141274238227147,0.39285714285714285,0.27906976744186046,0.6899563318777293,0.06615384615384616,0.38315217391304346
595,Jae Crowder,0.33363732630110604,0.34,4.0,0.3446327683615819,0.7345679012345679,0.4059633027522936,0.3181818181818182,0.35034013605442177,0.6829268292682927,0.3858267716535433,0.34355828220858897
596,Terrence Jones,0.31154918832975714,0.297,2.0,0.32653061224489793,0.6265822784810127,0.1384180790960452,0.2753623188405797,0.328125,0.6384039900249376,0.15609756097560976,0.3136729222520107
597,Doron Lamb,0.37318906990614387,0.394,2.0,0.4662576687116564,0.825503355704698,0.44173441734417346,0.3700787401574803,0.4752475247524752,0.8112449799196787,0.43722943722943725,0.40329218106995884
600,Dion Waiters 1,0.33571082827949444,0.346,2.0,0.36283185840707965,0.7288135593220338,0.3165266106442577,0.39,0.3487179487179487,0.7575757575757576,0.36044362292051757,0.3673469387755102
603,Kendall Marshall,0.33719170270543636,0.37,2.0,0.35443037974683544,0.6962025316455697,0.3511111111111111,0.45161290322580644,0.36363636363636365,0.6932515337423313,0.32432432432432434,0.47058823529411764
605,Cory Joseph,0.3396415275532303,0.332,1.0,0.4126984126984127,0.6986301369863014,0.391304347826087,0.3983739837398374,0.4126984126984127,0.6986301369863014,0.391304347826087,0.3983739837398374
608,Tobias Harris,0.3363865967513005,0.365,1.0,0.3026315789473684,0.7529411764705882,0.1890547263681592,0.366120218579235,0.3026315789473684,0.7529411764705882,0.1890547263681592,0.366120218579235
610,Darius Morris,0.3267589265385314,0.322,2.0,0.2459016393442623,0.7162162162162162,0.15404040404040403,0.46357615894039733,0.2222222222222222,0.694300518134715,0.19148936170212766,0.4507042253521127
611,Alec Burks,0.3482354670504357,0.364,2.0,0.29473684210526313,0.8221476510067114,0.18410852713178294,0.39574468085106385,0.31543624161073824,0.8083333333333333,0.18170731707317073,0.4123076923076923
616,Kyrie Irving,0.3811770655622075,0.39,1.0,0.46153846153846156,0.9014084507042254,0.375,0.4230769230769231,0.46153846153846156,0.9014084507042254,0.375,0.4230769230769231
617,Brandon Knight,0.3456584358458972,0.353,1.0,0.37662337662337664,0.7953216374269005,0.4502923976608187,0.3939393939393939,0.37662337662337664,0.7953216374269005,0.4502923976608187,0.3939393939393939
619,Nikola Vucevic,0.33286567120558,0.335,3.0,0.3493975903614458,0.754601226993865,0.19483568075117372,0.43414634146341463,0.30327868852459017,0.74609375,0.16920943134535368,0.438871473354232
622,Markieff Morris,0.3304248520239832,0.345,3.0,0.423728813559322,0.673202614379085,0.1782477341389728,0.40384615384615385,0.40425531914893614,0.6527331189710611,0.15235008103727715,0.3815789473684211
624,Norris Cole,0.3428134280129587,0.324,4.0,0.323943661971831,0.8532818532818532,0.2586520947176685,0.33185840707964603,0.31234866828087166,0.8251748251748252,0.2794316644113667,0.33647058823529413
625,DeAndre Liggins,0.3351339739002096,0.352,3.0,0.391304347826087,0.6476190476190476,0.3484848484848485,0.3434343434343434,0.3315508021390374,0.6428571428571429,0.3920335429769392,0.3445378151260504
628,Reggie Jackson 1,0.3378361265117864,0.337,3.0,0.42011834319526625,0.7956204379562044,0.38850574712643676,0.4224137931034483,0.3507246376811594,0.7533783783783784,0.35240040858018384,0.40358744394618834
629,Iman Shumpert,0.3372807891746006,0.338,3.0,0.2781456953642384,0.8057142857142857,0.3463302752293578,0.32748538011695905,0.30494505494505497,0.7375328083989501,0.37410071942446044,0.31716417910447764
630,Chris Singleton,0.335468011172721,0.319,3.0,0.3684210526315789,0.6666666666666666,0.3321678321678322,0.3783783783783784,0.33015873015873015,0.5922619047619048,0.39276807980049877,0.3615819209039548
631,Shelvin Mack,0.33913753044862527,0.33,3.0,0.3512396694214876,0.7692307692307693,0.5052192066805845,0.3380281690140845,0.3547297297297297,0.7567567567567568,0.4925124792013311,0.3660377358490566
632,Brad Wanamaker,0.33498290257980395,0.376,4.0,0.32653061224489793,0.7597402597402597,0.16498316498316498,0.363013698630137,0.34210526315789475,0.7193396226415094,0.23869346733668342,0.35797665369649806
634,Diante Garrett,0.33764352856629576,0.351,4.0,0.31891891891891894,0.825,0.35714285714285715,0.334841628959276,0.2932098765432099,0.7235294117647059,0.26732673267326734,0.327683615819209
637,Malcolm Delaney,0.3459272879217225,0.308,4.0,0.4077669902912621,0.8497652582159625,0.4650112866817156,0.3546099290780142,0.3631361760660248,0.8452520515826495,0.4586750788643533,0.3829787234042553
640,Kyle Singler,0.34036419336632834,0.362,4.0,0.32124352331606215,0.8064516129032258,0.3791748526522593,0.3793103448275862,0.36277173913043476,0.7729393468118196,0.3916977115486961,0.34851936218678814
642,E'Twaun Moore,0.34569937637540826,0.39,4.0,0.4,0.7092198581560284,0.354251012145749,0.44214876033057854,0.38028169014084506,0.7286652078774617,0.3602029312288613,0.444007858546169
650,Jimmer Fredette,0.370103052322015,0.372,4.0,0.39285714285714285,0.8928571428571429,0.40633245382585753,0.3745819397993311,0.3935309973045822,0.8812589413447782,0.40859030837004406,0.36767676767676766
651,Justin Holiday,0.3374760610586035,0.36,4.0,0.35877862595419846,0.7719298245614035,0.44107744107744107,0.425,0.3411764705882353,0.736,0.3003533568904594,0.36257309941520466
653,Chandler Parsons,0.3352606324641066,0.373,4.0,0.36752136752136755,0.5567010309278351,0.3622291021671827,0.27058823529411763,0.3370044052863436,0.6109725685785536,0.4108597285067873,0.27205882352941174
654,Jon Leuer,0.3355475710845379,0.328,4.0,0.3698630136986301,0.8432835820895522,0.3022774327122153,0.44274809160305345,0.36764705882352944,0.7228915662650602,0.2532588454376164,0.4731934731934732
657,Derrick Williams 1,0.3262756143173792,0.3,2.0,0.5675675675675675,0.7462235649546828,0.19473684210526315,0.4152542372881356,0.5111111111111111,0.7193605683836589,0.13595166163141995,0.36619718309859156
659,Kawhi Leonard,0.33816477760815494,0.383,2.0,0.2839506172839506,0.7586206896551724,0.17920353982300885,0.35661764705882354,0.24516129032258063,0.7423076923076923,0.1939924906132666,0.36363636363636365
661,Klay Thompson,0.3652976034036326,0.419,3.0,0.3983739837398374,0.8378378378378378,0.44646098003629764,0.38974358974358975,0.3886178861788618,0.8275862068965517,0.44054441260744986,0.3756906077348066
662,Isaiah Thomas 1,0.3335126194118169,0.364,3.0,0.3488372093023256,0.719047619047619,0.4075829383886256,0.3467741935483871,0.3247011952191235,0.7133757961783439,0.3882443928847641,0.35271317829457366
663,Marcus Morris,0.336719546747385,0.367,3.0,0.34210526315789475,0.6883720930232559,0.18052256532066507,0.5050505050505051,0.35772357723577236,0.6602972399150743,0.13427947598253276,0.4845679012345679
664,Jimmy Butler,0.3332628007040013,0.333,4.0,0.3448275862068966,0.7833333333333333,0.1518324607329843,0.3674698795180723,0.3829787234042553,0.7734899328859061,0.12239583333333333,0.34686346863468637
666,Kemba Walker,0.34534322043376725,0.36,3.0,0.3303964757709251,0.819047619047619,0.3071718538565629,0.3987341772151899,0.3289817232375979,0.784037558685446,0.286034353995519,0.37362637362637363
667,Jordan Hamilton 1,0.33930228510739413,0.357,2.0,0.38461538461538464,0.7786885245901639,0.42391304347826086,0.38222222222222224,0.37659033078880405,0.7096774193548387,0.4612676056338028,0.370253164556962
670,Elliot Williams,0.33336429068988765,0.31,2.0,0.36585365853658536,0.7578125,0.422680412371134,0.2777777777777778,0.345,0.7185430463576159,0.3883495145631068,0.2777777777777778
673,John Wall,0.33347729747876925,0.324,1.0,0.32456140350877194,0.7543103448275862,0.2602739726027397,0.31496062992125984,0.32456140350877194,0.7543103448275862,0.2602739726027397,0.31496062992125984
675,Eric Bledsoe,0.33303717117639103,0.336,1.0,0.3828125,0.6666666666666666,0.41025641025641024,0.3088235294117647,0.3828125,0.6666666666666666,0.41025641025641024,0.3088235294117647
676,Avery Bradley,0.33085382526441903,0.364,1.0,0.375,0.5454545454545454,0.30434782608695654,0.41916167664670656,0.375,0.5454545454545454,0.30434782608695654,0.41916167664670656
677,Xavier Henry,0.3519752740813302,0.325,1.0,0.41818181818181815,0.782608695652174,0.4661016949152542,0.3333333333333333,0.41818181818181815,0.782608695652174,0.4661016949152542,0.3333333333333333
679,Will Bynum,0.30849919560544503,0.296,4.0,0.17391304347826086,0.6597938144329897,0.12105263157894737,0.19047619047619047,0.1891891891891892,0.618421052631579,0.08390022675736962,0.19047619047619047
682,Derrick Favors,0.26140384943776196,0.207,1.0,0.0,0.6277372262773723,0.003472222222222222,0.35714285714285715,0.0,0.6277372262773723,0.003472222222222222,0.35714285714285715
683,Wes Johnson,0.3419845826270195,0.337,3.0,0.4146341463414634,0.7724137931034483,0.29854368932038833,0.35555555555555557,0.4146341463414634,0.7724137931034483,0.29854368932038833,0.35555555555555557
685,Lance Stephenson,0.31165746199521627,0.315,1.0,0.2191780821917808,0.6638655462184874,0.1983695652173913,0.32867132867132864,0.2191780821917808,0.6638655462184874,0.1983695652173913,0.32867132867132864
686,DeMarcus Cousins,0.3034565317441218,0.332,1.0,0.16666666666666666,0.6044776119402985,0.016260162601626018,0.3496932515337423,0.16666666666666666,0.6044776119402985,0.016260162601626018,0.3496932515337423
687,Jeremy Lin,0.33584723462663907,0.342,4.0,0.3488372093023256,0.7473684210526316,0.31272727272727274,0.3695652173913043,0.3475177304964539,0.7159353348729792,0.31125827814569534,0.3695652173913043
688,Trevor Booker,0.303220734808683,0.305,4.0,0.2647058823529412,0.5906432748538012,0.09418282548476455,0.2962962962962963,0.323943661971831,0.6244239631336406,0.07426778242677824,0.2962962962962963
694,Evan Turner,0.3243750008897955,0.294,3.0,0.36363636363636365,0.7582417582417582,0.12035010940919037,0.4108527131782946,0.3624161073825503,0.7593688362919132,0.13886300093196646,0.4108527131782946
697,Elijah Millsap,0.3123931317425051,0.279,3.0,0.24050632911392406,0.6949152542372882,0.18899521531100477,0.27184466019417475,0.2695035460992908,0.659217877094972,0.21363636363636362,0.27184466019417475
698,Amir Johnson,0.3383202221695177,0.337,4.0,0.28431372549019607,0.5254237288135594,0.5284974093264249,0.41935483870967744,0.32710280373831774,0.6619718309859155,0.42572944297082227,0.41935483870967744
699,Manny Harris,0.3467911285794873,0.353,3.0,0.3092105263157895,0.7989130434782609,0.3619047619047619,0.38202247191011235,0.3150684931506849,0.8280701754385965,0.3481717011128776,0.38202247191011235
704,James Anderson 1,0.3447997501860571,0.321,3.0,0.34101382488479265,0.810077519379845,0.4392712550607287,0.3763440860215054,0.377326565143824,0.7980952380952381,0.4720447284345048,0.3763440860215054
705,Donald Sloan,0.33523500778995646,0.31,4.0,0.359375,0.7839195979899497,0.2909090909090909,0.3793103448275862,0.33783783783783783,0.7433035714285714,0.28217349857006674,0.3793103448275862
713,Landry Fields,0.3264236755420226,0.332,4.0,0.3372093023255814,0.6964980544747081,0.16996047430830039,0.39914163090128757,0.35319148936170214,0.6772616136919315,0.24633123689727462,0.39914163090128757
715,Jordan Crawford,0.3348676431548149,0.317,2.0,0.3910891089108911,0.7727272727272727,0.35879218472468916,0.3825136612021858,0.38380281690140844,0.7649769585253456,0.3523573200992556,0.3825136612021858
718,Gordon Hayward,0.352411355295386,0.366,2.0,0.29375,0.8287037037037037,0.4289544235924933,0.44155844155844154,0.3633440514469453,0.8224852071005917,0.49522292993630573,0.44155844155844154
725,Quincy Pondexter,0.3330623188616268,0.356,4.0,0.35294117647058826,0.827433628318584,0.10991379310344827,0.4222222222222222,0.3103448275862069,0.7702407002188184,0.11143131604226705,0.4222222222222222
727,Patrick Patterson,0.3334785991207938,0.369,3.0,0.34782608695652173,0.6923076923076923,0.18449197860962566,0.3937007874015748,0.3287671232876712,0.7338129496402878,0.06925996204933586,0.3937007874015748
730,Paul George,0.3678869988916255,0.381,2.0,0.3558282208588957,0.9016393442622951,0.46438746438746437,0.2682926829268293,0.3953488372093023,0.796,0.43434343434343436,0.2682926829268293
732,Luke Babbitt,0.3627292633191142,0.402,2.0,0.42,0.9198113207547169,0.2028397565922921,0.4712230215827338,0.41954022988505746,0.8918205804749341,0.19441340782122904,0.4712230215827338
734,Al-Farouq Aminu,0.32827492406661585,0.335,2.0,0.2727272727272727,0.6984924623115578,0.17647058823529413,0.2740740740740741,0.23809523809523808,0.6866096866096866,0.1598173515981735,0.2740740740740741
737,Jrue Holiday,0.3378158393675871,0.352,1.0,0.3068181818181818,0.7258064516129032,0.3534136546184739,0.0,0.3068181818181818,0.7258064516129032,0.3534136546184739,0.0
738,DeMar DeRozan,0.31497811265053477,0.283,1.0,0.16666666666666666,0.6462585034013606,0.09809264305177112,0.0,0.16666666666666666,0.6462585034013606,0.09809264305177112,0.0
739,Ish Smith,0.3141220517976857,0.319,3.0,0.2413793103448276,0.7894736842105263,0.17575757575757575,0.0,0.3020833333333333,0.4946236559139785,0.23357664233576642,0.0
740,MarShon Brooks,0.3386413963589014,0.345,2.0,0.3125,0.6835443037974683,0.45878136200716846,0.0,0.30612244897959184,0.69,0.44011976047904194,0.0
741,Byron Mullens,0.27080833438893603,0.319,1.0,0.0,0.5591397849462365,0.005319148936170213,0.0,0.0,0.5591397849462365,0.005319148936170213,0.0
743,Patty Mills,0.34962610249592396,0.389,2.0,0.33157894736842103,0.8571428571428571,0.49868766404199477,0.0,0.3224932249322493,0.8059701492537313,0.5054794520547945,0.0
744,A.J. Price 1,0.335119764472681,0.306,4.0,0.3979591836734694,0.7213114754098361,0.48756218905472637,0.0,0.3857566765578635,0.7348484848484849,0.4388020833333333,0.0
745,Tyreke Evans,0.33182637007430144,0.33,1.0,0.27419354838709675,0.711340206185567,0.24554455445544554,0.0,0.27419354838709675,0.711340206185567,0.24554455445544554,0.0
746,Jeremy Pargo,0.32811004146361605,0.319,4.0,0.36065573770491804,0.7,0.21708185053380782,0.0,0.3055555555555556,0.6864864864864865,0.24784853700516352,0.0
748,Aron Baynes,0.3238884406627646,0.327,4.0,1.0,0.773972602739726,0.003787878787878788,0.0,0.5,0.7172413793103448,0.00408997955010225,0.0
753,Jonny Flynn,0.34155919825369147,0.306,2.0,0.32142857142857145,0.7847533632286996,0.3010752688172043,0.0,0.33554817275747506,0.7808219178082192,0.3416572077185017,0.0
754,Gerald Henderson,0.33416449844606233,0.33,3.0,0.3360655737704918,0.7606382978723404,0.25792811839323465,0.0,0.32972972972972975,0.7197640117994101,0.23067331670822944,0.0
755,Jeff Teague,0.3642245206248829,0.359,2.0,0.4411764705882353,0.817351598173516,0.2749326145552561,0.0,0.4134078212290503,0.8095238095238095,0.26917293233082706,0.0
756,Stephen Curry,0.40051411033010337,0.435,3.0,0.38837920489296635,0.8796680497925311,0.49025487256371814,0.0,0.4127906976744186,0.8846153846153846,0.5259938837920489,0.0
757,Earl Clark,0.32948160724563375,0.327,3.0,0.3263157894736842,0.6474820143884892,0.2149321266968326,0.0,0.2857142857142857,0.650375939849624,0.21495327102803738,0.0
759,Dante Cunningham,0.31357384684638223,0.346,4.0,0.0,0.6966292134831461,0.004301075268817204,0.0,0.0,0.6938775510204082,0.0027548209366391185,0.0
760,Eric Maynor,0.34926428623236666,0.362,4.0,0.36065573770491804,0.8148148148148148,0.3414179104477612,0.0,0.3741935483870968,0.7927710843373494,0.32191069574247144,0.0
762,Garrett Temple,0.34983169432644595,0.347,4.0,0.30851063829787234,0.8048780487804879,0.44761904761904764,0.0,0.3048780487804878,0.8027210884353742,0.4581005586592179,0.0
763,Alonzo Gee,0.32245019027431143,0.318,4.0,0.38028169014084506,0.6266666666666667,0.18783068783068782,0.0,0.33689839572192515,0.6535947712418301,0.23943661971830985,0.0
764,Wesley Matthews,0.3498768562088119,0.381,4.0,0.3684210526315789,0.8287937743190662,0.28078817733990147,0.0,0.35,0.8157894736842105,0.2650957290132548,0.0
766,Chase Budinger,0.34077209826181715,0.348,3.0,0.39880952380952384,0.8012820512820513,0.3684210526315789,0.0,0.3881019830028329,0.7601351351351351,0.39222222222222225,0.0
768,Danny Green,0.3837306164879299,0.401,4.0,0.4143646408839779,0.8620689655172413,0.4839572192513369,0.0,0.3957703927492447,0.8686131386861314,0.4616457461645746,0.0
776,Toney Douglas,0.3469711986728005,0.348,4.0,0.38461538461538464,0.8103448275862069,0.4123134328358209,0.0,0.3721518987341772,0.8099173553719008,0.41578947368421054,0.0
777,James Harden,0.33743989195069174,0.363,2.0,0.3558282208588957,0.7555555555555555,0.3606194690265487,0.0,0.3763837638376384,0.7550607287449392,0.3288834951456311,0.0
779,Nick Calathes,0.3299595910011048,0.288,2.0,0.39037433155080214,0.7068062827225131,0.44,0.0,0.37971014492753624,0.7153846153846154,0.4126794258373206,0.0
780,Jodie Meeks,0.3866279680854569,0.377,3.0,0.40625,0.9017094017094017,0.5070422535211268,0.0,0.39349112426035504,0.8880597014925373,0.5152439024390244,0.0
781,Sam Young,0.32972503108932905,0.319,4.0,0.37037037037037035,0.7368421052631579,0.27720739219712526,0.0,0.376,0.710691823899371,0.25588536335721596,0.0
782,DeMarre Carroll,0.31337935359448926,0.359,4.0,0.36363636363636365,0.6335078534031413,0.09977324263038549,0.0,0.3114754098360656,0.6261127596439169,0.08209959623149395,0.0
784,Darren Collison,0.38111797609976916,0.394,4.0,0.3942307692307692,0.8968253968253969,0.3023255813953488,0.0,0.4585365853658537,0.8847736625514403,0.3019145802650957,0.0
785,Ty Lawson,0.3669741685903696,0.355,3.0,0.46153846153846156,0.8,0.3123123123123123,0.0,0.41711229946524064,0.8125,0.3090909090909091,0.0
786,Wayne Ellington,0.36079654935042993,0.377,3.0,0.415,0.7767857142857143,0.45871559633027525,0.0,0.40759493670886077,0.801762114537445,0.4188759278897137,0.0
790,Austin Daye,0.34741161983406244,0.361,2.0,0.45,0.6923076923076923,0.24922118380062305,0.0,0.43356643356643354,0.7853658536585366,0.25309734513274335,0.0
792,Blake Griffin,0.30975530369536547,0.333,2.0,0.375,0.5895061728395061,0.017429193899782137,0.0,0.3,0.5892514395393474,0.01277139208173691,0.0
793,Kevin Love,0.3331171298449009,0.373,1.0,0.35365853658536583,0.7689243027888446,0.20707070707070707,0.0,0.35365853658536583,0.7689243027888446,0.20707070707070707,0.0
799,Derrick Rose,0.3298977219638777,0.31,1.0,0.33653846153846156,0.7121951219512195,0.23853211009174313,0.0,0.33653846153846156,0.7121951219512195,0.23853211009174313,0.0
800,Mario Chalmers,0.35225122337125464,0.352,3.0,0.47058823529411764,0.75,0.49038461538461536,0.0,0.47058823529411764,0.75,0.49038461538461536,0.0
802,Courtney Lee,0.36860258708640503,0.392,4.0,0.3987730061349693,0.8218390804597702,0.32086614173228345,0.0,0.3987730061349693,0.8218390804597702,0.32086614173228345,0.0
803,Russell Westbrook,0.3282748321453093,0.309,2.0,0.32,0.7094594594594594,0.195822454308094,0.0,0.32,0.7094594594594594,0.195822454308094,0.0
804,Brandon Rush 1,0.36720234298267507,0.406,3.0,0.41798941798941797,0.788235294117647,0.4621026894865526,0.0,0.41798941798941797,0.788235294117647,0.4621026894865526,0.0
805,Jerryd Bayless,0.3669989564895229,0.367,1.0,0.4154929577464789,0.8364485981308412,0.3837837837837838,0.0,0.4154929577464789,0.8364485981308412,0.3837837837837838,0.0
807,Sundiata Gaines,0.33392106465219656,0.308,4.0,0.2971014492753623,0.5988372093023255,0.3357664233576642,0.0,0.2971014492753623,0.5988372093023255,0.3357664233576642,0.0
808,Michael Beasley,0.3381928052317289,0.353,1.0,0.3804347826086957,0.7757352941176471,0.16487455197132617,0.0,0.3804347826086957,0.7757352941176471,0.16487455197132617,0.0
810,Henry Walker,0.33782913891170635,0.352,1.0,0.30357142857142855,0.75,0.29396325459317585,0.0,0.30357142857142855,0.75,0.29396325459317585,0.0
811,Luc Mbah a Moute,0.3233648868526899,0.336,3.0,0.17391304347826086,0.7,0.09583333333333334,0.0,0.17391304347826086,0.7,0.09583333333333334,0.0
812,Mike Miller,0.3410990389710775,0.412,4.0,0.26,0.6511627906976745,0.33112582781456956,0.0,0.26,0.6511627906976745,0.33112582781456956,0.0
813,Sonny Weems,0.34418881856082373,0.314,4.0,0.3698630136986301,0.8026315789473685,0.34352941176470586,0.0,0.3698630136986301,0.8026315789473685,0.34352941176470586,0.0
814,Patrick Beverley,0.33827035280918255,0.381,2.0,0.37790697674418605,0.6439393939393939,0.5212121212121212,0.0,0.37790697674418605,0.6439393939393939,0.5212121212121212,0.0
815,O.J. Mayo,0.3624168829510136,0.369,1.0,0.40930232558139534,0.8026315789473685,0.40111940298507465,0.0,0.40930232558139534,0.8026315789473685,0.40111940298507465,0.0
816,Brian Roberts,0.3734253767017628,0.356,4.0,0.45454545454545453,0.8604651162790697,0.5034324942791762,0.0,0.45454545454545453,0.8604651162790697,0.5034324942791762,0.0
817,Anthony Morrow,0.3783046393496138,0.402,4.0,0.44751381215469616,0.8589743589743589,0.5386904761904762,0.0,0.44751381215469616,0.8589743589743589,0.5386904761904762,0.0
818,Chris Douglas-Roberts,0.33341541081084514,0.354,3.0,0.41284403669724773,0.7123893805309734,0.22755741127348644,0.0,0.41284403669724773,0.7123893805309734,0.22755741127348644,0.0
819,D.J. Augustin,0.3483363993161283,0.372,2.0,0.38095238095238093,0.7828054298642534,0.34806629834254144,0.0,0.38095238095238093,0.7828054298642534,0.34806629834254144,0.0
822,Gary Forbes,0.33842160146749856,0.34,4.0,0.2923076923076923,0.720164609053498,0.3409090909090909,0.0,0.2923076923076923,0.720164609053498,0.3409090909090909,0.0
825,George Hill,0.36481763341122503,0.385,3.0,0.4329896907216495,0.8044444444444444,0.2709497206703911,0.0,0.4329896907216495,0.8044444444444444,0.2709497206703911,0.0
828,Brook Lopez,0.3328707144660848,0.341,2.0,0.0,0.788659793814433,0.015267175572519083,0.0,0.0,0.788659793814433,0.015267175572519083,0.0
829,Robin Lopez,0.3167376464860007,0.297,2.0,1.0,0.6515151515151515,0.003816793893129771,0.0,1.0,0.6515151515151515,0.003816793893129771,0.0
830,Eric Gordon,0.35257201449220715,0.368,1.0,0.33653846153846156,0.8339350180505415,0.4894117647058824,0.0,0.33653846153846156,0.8339350180505415,0.4894117647058824,0.0
831,Darrell Arthur,0.3289710917723933,0.354,2.0,0.16666666666666666,0.6981132075471698,0.031088082901554404,0.0,0.16666666666666666,0.6981132075471698,0.031088082901554404,0.0
